{
  "metrics": {
    "logistic_regression": {
      "roc_auc": 0.7199344646488212,
      "precision": 0.4052044609665427,
      "recall": 0.6738794435857806,
      "f1": 0.506094022054556
    },
    "xgboost": {
      "roc_auc": 0.7217398681339657,
      "precision": 0.4086206896551724,
      "recall": 0.732612055641422,
      "f1": 0.5246264526840066
    }
  },
  "cv_results": {
    "logistic_regression": {
      "scores": [
        0.7035074790918631,
        0.7148571167855459,
        0.7078543253470633,
        0.721169514087969,
        0.7174990747952121
      ],
      "mean": 0.7129775020215308,
      "std": 0.006434514857107879
    },
    "xgboost": {
      "scores": [
        0.6988136040802839,
        0.7125627174978536,
        0.7063638990547269,
        0.7214898835070509,
        0.7104454239647373
      ],
      "mean": 0.7099351056209304,
      "std": 0.0074447158957538515
    }
  }
}